Entidad,Municipio,Cargo,Nombre de regiduría,Número de lista,Distrito,Tipo de Candidatura,Coalición,Partido político,Nombre,Género de propietaria,Acción Afirmativa
Aguascalientes,Sin información,Gubernaturas,Sin información,Sin información,Sin información,Sin información,Sin información,Sin información,Sin información,Sin información,Sin información
Aguascalientes,Sin información,Diputaciones MR,Sin información,Sin información,2,Candidatura partidista,Sin información,Partido del Trabajo,DULCE MARIA BEAS FERNANDEZ,female,NO
Aguascalientes,Sin información,Diputaciones MR,Sin información,Sin información,2,Candidatura partidista,Sin información,Movimiento Ciudadano,ZULEMA NOHEMI MUNOZ DE LIRA,female,NO
Aguascalientes,Sin información,Diputaciones MR,Sin información,Sin información,2,Candidatura partidista,Fuerza y Corazón por Aguascalientes,PAN,MA. GUADALUPE MENDOZA MEDRANO,female,NO
Aguascalientes,Sin información,Diputaciones MR,Sin información,Sin información,3,Candidatura partidista,Sin información,PVEM,KATIA NAYELI VILLALOBOS COLLAZO,female,NO
Aguascalientes,Sin información,Diputaciones MR,Sin información,Sin información,4,Candidatura partidista,Sin información,Partido del Trabajo,OFELIA VILLA SILVA,female,NO
Aguascalientes,Sin información,Diputaciones MR,Sin información,Sin información,4,Candidatura partidista,Fuerza y Corazón por Aguascalientes,Sin información,BEATRIZ MONTOYA HERNANDEZ,female,NO
Aguascalientes,Sin información,Diputaciones MR,Sin información,Sin información,5,Candidatura partidista,Sin información,Partido del Trabajo,MARIA AZUCENA DAVILA SILVA,female,NO
Aguascalientes,Sin información,Diputaciones MR,Sin información,Sin información,5,Candidatura partidista,Sin información,PVEM,SANDRA OLIVIA MARTINEZ RODRIGUEZ,female,NO
Aguascalientes,Sin información,Diputaciones MR,Sin información,Sin información,5,Candidatura partidista,Sin información,Movimiento Ciudadano,THELMA DANIELA SALINAS MIRANDA,female,NO
Aguascalientes,Sin información,Diputaciones MR,Sin información,Sin información,5,Candidatura partidista,Sin información,MORENA,VERONICA FUENTES HERRERO,female,NO
Aguascalientes,Sin información,Diputaciones MR,Sin información,Sin información,6,Candidatura partidista,Sin información,Partido del Trabajo,NADJA AMINA VILLASEÑOR ALVARADO,female,NO
Aguascalientes,Sin información,Diputaciones MR,Sin información,Sin información,6,Candidatura partidista,Sin información,PVEM,DANIELA ESPARZA ROMO,female,NO
Aguascalientes,Sin información,Diputaciones MR,Sin información,Sin información,6,Candidatura partidista,Sin información,MORENA,NORMA FABIOLA ARAGON LEAL,female,NO
Aguascalientes,Sin información,Diputaciones MR,Sin información,Sin información,7,Candidatura partidista,Sin información,PVEM,CYNTHIA GUADALUPE PONCE VAZQUEZ,female,Diversidad sexual y de género
Aguascalientes,Sin información,Diputaciones MR,Sin información,Sin información,7,Candidatura partidista,Sin información,Movimiento Ciudadano,YOLYTZIN ALELI RODRIGUEZ SENDEJAS,female,NO
Aguascalientes,Sin información,Diputaciones MR,Sin información,Sin información,7,Candidatura partidista,Sin información,MORENA,ERIKA RUTH CASTAÑEDA RIVERA,female,NO
Aguascalientes,Sin información,Diputaciones MR,Sin información,Sin información,7,Candidatura partidista,Fuerza y Corazón por Aguascalientes,Sin información,LAURA PATRICIA PONCE LUNA,female,NO
Aguascalientes,Sin información,Diputaciones MR,Sin información,Sin información,8,Candidatura partidista,Sin información,PVEM,VANESSA VERA ROMERO,female,NO
Aguascalientes,Sin información,Diputaciones MR,Sin información,Sin información,8,Candidatura partidista,Sin información,Movimiento Ciudadano,NORA LETICIA VALDEZ ARELLANO,female,NO
Aguascalientes,Sin información,Diputaciones MR,Sin información,Sin información,8,Candidatura partidista,Sin información,MORENA,ANA LUISA CARDONA LANDEROS,female,NO
Aguascalientes,Sin información,Diputaciones MR,Sin información,Sin información,9,Candidatura partidista,Sin información,PVEM,ALEXIA PAULETTE ESPARZA SANTACRUZ,female,NO
Aguascalientes,Sin información,Diputaciones MR,Sin información,Sin información,9,Candidatura partidista,Sin información,Movimiento Ciudadano,LUZ EDITH ARELLANO AVELAR,female,NO
Aguascalientes,Sin información,Diputaciones MR,Sin información,Sin información,9,Candidatura partidista,Sin información,MORENA,ANA CARMEN MARTINEZ AVILA,female,NO
Aguascalientes,Sin información,Diputaciones MR,Sin información,Sin información,9,Candidatura partidista,Fuerza y Corazón por Aguascalientes,Sin información,ALMA HILDA MEDINA MACIAS,female,Personas con discapacidad permanente
Aguascalientes,Sin información,Diputaciones MR,Sin información,Sin información,10,Candidatura partidista,Sin información,PVEM,LITZY JACQUELINE NARANJO MACIAS,female,NO
Aguascalientes,Sin información,Diputaciones MR,Sin información,Sin información,10,Candidatura partidista,Sin información,MORENA,ROSALVA MENDOZA SAAVEDRA,female,NO
Aguascalientes,Sin información,Diputaciones MR,Sin información,Sin información,10,Candidatura partidista,Fuerza y Corazón por Aguascalientes,Sin información,NANCY JEANETTE GUTIERREZ RUVALCABA,female,NO
Aguascalientes,Sin información,Diputaciones MR,Sin información,Sin información,11,Candidatura partidista,Sin información,Partido del Trabajo,ERIKA FABIOLA LOPEZ GONZALEZ,female,NO
Aguascalientes,Sin información,Diputaciones MR,Sin información,Sin información,11,Candidatura partidista,Sin información,PVEM,ERIKA TERESA LOZANO DELGADILLO,female,NO
Aguascalientes,Sin información,Diputaciones MR,Sin información,Sin información,11,Candidatura partidista,Sin información,Movimiento Ciudadano,DANIELA MIYUKY LOPEZ MUÑOZ,female,NO
Aguascalientes,Sin información,Diputaciones MR,Sin información,Sin información,11,Candidatura partidista,Fuerza y Corazón por Aguascalientes,Sin información,ARLETTE IVETTE MUÑOZ CERVANTES,female,NO
Aguascalientes,Sin información,Diputaciones MR,Sin información,Sin información,12,Candidatura partidista,Sin información,PVEM,MA DEL ROSARIO BAEZ RICO,female,NO
Aguascalientes,Sin información,Diputaciones MR,Sin información,Sin información,12,Candidatura partidista,Sin información,MORENA,MIRIAM YASZU MUÑOZ MARQUEZ,female,NO
Aguascalientes,Sin información,Diputaciones MR,Sin información,Sin información,12,Candidatura partidista,Fuerza y Corazón por Aguascalientes,Sin información,LUCIA DE LEON URSUA,female,NO
Aguascalientes,Sin información,Diputaciones MR,Sin información,Sin información,13,Candidatura partidista,Sin información,Partido del Trabajo,CLAUDIA BERENICE HERNANDEZ FERNANDEZ,female,NO
Aguascalientes,Sin información,Diputaciones MR,Sin información,Sin información,13,Candidatura partidista,Fuerza y Corazón por Aguascalientes,Sin información,JEDSABEL SANCHEZ MONTES,female,NO
Aguascalientes,Sin información,Diputaciones MR,Sin información,Sin información,14,Candidatura partidista,Sin información,Partido del Trabajo,JAMIDA RUIZ ORNELAS,female,NO
Aguascalientes,Sin información,Diputaciones MR,Sin información,Sin información,14,Candidatura partidista,Sin información,PVEM,LORENA CRISTINA MARTIN DEL CAMPO GUZMAN,female,NO
Aguascalientes,Sin información,Diputaciones MR,Sin información,Sin información,14,Candidatura partidista,Sin información,MORENA,ERIKA DEL ROCIO CORPUS ESCOBEDO,female,NO
Aguascalientes,Sin información,Diputaciones MR,Sin información,Sin información,15,Candidatura partidista,Sin información,Partido del Trabajo,MARIA LUZ OLVERA TORRES,female,NO
Aguascalientes,Sin información,Diputaciones MR,Sin información,Sin información,15,Candidatura partidista,Sin información,PVEM,MA DEL SOCORRO LOPEZ TAVARES,female,NO
Aguascalientes,Sin información,Diputaciones MR,Sin información,Sin información,15,Candidatura partidista,Sin información,Movimiento Ciudadano,MARIA FERNANDA CAMPOS ATRISTAIN,female,NO
Aguascalientes,Sin información,Diputaciones MR,Sin información,Sin información,15,Candidatura partidista,Sin información,MORENA,BERENICE ANAHI ROMO TAPIA,female,NO
Aguascalientes,Sin información,Diputaciones MR,Sin información,Sin información,16,Candidatura partidista,Sin información,PVEM,TERESA RAMOS GONZALEZ,female,NO
Aguascalientes,Sin información,Diputaciones MR,Sin información,Sin información,16,Candidatura partidista,Sin información,MORENA,ANA LAURA GOMEZ CALZADA,female,NO
Aguascalientes,Sin información,Diputaciones MR,Sin información,Sin información,17,Candidatura partidista,Sin información,PVEM,BRENDA LUDIVINA GARCIA ESPARZA,female,Personas con discapacidad permanente
Aguascalientes,Sin información,Diputaciones MR,Sin información,Sin información,17,Candidatura partidista,Sin información,Movimiento Ciudadano,LINDA YADID GUTIERREZ CASTAÑEDA,female,NO
Aguascalientes,Sin información,Diputaciones MR,Sin información,Sin información,18,Candidatura partidista,Sin información,Partido del Trabajo,YAZMIN YOLANDA ACUNA DIAZ,female,NO
Aguascalientes,Sin información,Diputaciones MR,Sin información,Sin información,18,Candidatura partidista,Sin información,Movimiento Ciudadano,FRIDA SOFIA CUELLAR GAMA,female,Personas con discapacidad permanente
Aguascalientes,Sin información,Diputaciones MR,Sin información,Sin información,18,Candidatura partidista,Fuerza y Corazón por Aguascalientes,Sin información,MIRNA RUBIELA MEDINA RUVALCABA,female,NO
Aguascalientes,Sin información,Diputaciones RP,Sin información,4,Sin información,Sin información,Sin información,PAN,ELIZABETH PIÑA DE LIRA,female,Personas con discapacidad permanente
Aguascalientes,Sin información,Diputaciones RP,Sin información,7,Sin información,Sin información,Sin información,PAN,LILIANA NORIEGA SUAREZ,female,Indígena
Aguascalientes,Sin información,Diputaciones RP,Sin información,9,Sin información,Sin información,Sin información,PAN,MA. GUADALUPE MENDOZA MEDRANO,female,NO
Aguascalientes,Sin información,Diputaciones RP,Sin información,4,Sin información,Sin información,Sin información,PRI,MONICA SANTOSCOY OTERO,female,Diversidad sexual y de género
Aguascalientes,Sin información,Diputaciones RP,Sin información,7,Sin información,Sin información,Sin información,PRI,ALMA ESTELA GUTIERREZ MATA,female,NO
Aguascalientes,Sin información,Diputaciones RP,Sin información,9,Sin información,Sin información,Sin información,PRI,DEYSI LUCERO MEDINA GARCIA,female,Indígena
Aguascalientes,Sin información,Diputaciones RP,Sin información,1,Sin información,Sin información,Sin información,PRD,GRACIELA BAUTISTA CASTAÑEDA,female,NO
Aguascalientes,Sin información,Diputaciones RP,Sin información,5,Sin información,Sin información,Sin información,PRD,HAZYADETH ITZEL ACERO MARTINEZ,female,Diversidad sexual y de género
Aguascalientes,Sin información,Diputaciones RP,Sin información,8,Sin información,Sin información,Sin información,PRD,CRISTINA JULIO ATANACIO,female,Indígena
Aguascalientes,Sin información,Diputaciones RP,Sin información,4,Sin información,Sin información,Sin información,PT,SARA MARTINEZ RAMIREZ,female,Personas con discapacidad permanente
Aguascalientes,Sin información,Diputaciones RP,Sin información,7,Sin información,Sin información,Sin información,PT,DULCE MARIA BEAS FERNANDEZ,female,NO
Aguascalientes,Sin información,Diputaciones RP,Sin información,8,Sin información,Sin información,Sin información,PT,MARTHA ELVIA RODRIGUEZ MORALES,female,NO
Aguascalientes,Sin información,Diputaciones RP,Sin información,1,Sin información,Sin información,Sin información,PVEM,GENNY JANETH LOPEZ VALENZUELA,female,Personas con discapacidad permanente
Aguascalientes,Sin información,Diputaciones RP,Sin información,4,Sin información,Sin información,Sin información,PVEM,MAURA VALENZUELA LOPEZ,female,Personas con discapacidad permanente
Aguascalientes,Sin información,Diputaciones RP,Sin información,7,Sin información,Sin información,Sin información,PVEM,JENNIFER KASSANDRA CAMARILLO JIMENEZ,female,Indígena
Aguascalientes,Sin información,Diputaciones RP,Sin información,8,Sin información,Sin información,Sin información,PVEM,SANDRA OLIVIA MARTINEZ RODRIGUEZ,female,NO
Aguascalientes,Sin información,Diputaciones RP,Sin información,1,Sin información,Sin información,Sin información,MC,DANIELA MIYUKY LOPEZ MUÑOZ,female,NO
Aguascalientes,Sin información,Diputaciones RP,Sin información,5,Sin información,Sin información,Sin información,MC,FRIDA SOFIA CUELLAR GAMA,female,Personas con discapacidad permanente
Aguascalientes,Sin información,Diputaciones RP,Sin información,8,Sin información,Sin información,Sin información,MC,RAQUEL FLORES CASTAÑEDA,female,NO
Aguascalientes,Sin información,Diputaciones RP,Sin información,4,Sin información,Sin información,Sin información,MORENA,AURORA VANEGAS MARTINEZ,female,NO
Aguascalientes,Sin información,Diputaciones RP,Sin información,7,Sin información,Sin información,Sin información,MORENA,IRMA REZA DE LA CRUZ,female,Indígena
Aguascalientes,Aguascalientes,Presidencias municipales,Sin información,Sin información,Sin información,Sin información,Sin información,PVEM,AIDA KARINA BANDA IGLESIAS,female,NO
Aguascalientes,Aguascalientes,Presidencias municipales,Sin información,Sin información,Sin información,Sin información,Sin información,Movimiento Ciudadano,KARLA ARELY ESPINOZA ESPARZA,female,NO
Aguascalientes,Aguascalientes,Presidencias municipales,Sin información,Sin información,Sin información,Sin información,Sin información,MORENA,MARTHA CECILIA MARQUEZ ALVARADO,female,NO
Aguascalientes,Asientos,Presidencias municipales,Sin información,Sin información,Sin información,Sin información,Sin información,Partido del Trabajo,DULCE MARIA FERNANDEZ ORTIZ,female,NO
Aguascalientes,Asientos,Presidencias municipales,Sin información,Sin información,Sin información,Sin información,Sin información,Movimiento Ciudadano,MERCEDES MONSERRAT MORFIN NEGRETE,female,NO
Aguascalientes,Calvillo,Presidencias municipales,Sin información,Sin información,Sin información,Sin información,Sin información,Partido del Trabajo,VIRIDIANA GUTIERREZ GAMEZ,female,NO
Aguascalientes,Calvillo,Presidencias municipales,Sin información,Sin información,Sin información,Sin información,Sin información,PVEM,MARIA CRISTINA VELASCO VALLE,female,NO
Aguascalientes,Calvillo,Presidencias municipales,Sin información,Sin información,Sin información,Sin información,Sin información,Movimiento Ciudadano,MARTHA XIMENA DE LEON BELLOSO,female,Diversidad sexual y de Género
Aguascalientes,Cosío,Presidencias municipales,Sin información,Sin información,Sin información,Sin información,Sin información,Partido del Trabajo,ELIZABETH GARCIA DIOSDADO,female,NO
Aguascalientes,Cosío,Presidencias municipales,Sin información,Sin información,Sin información,Sin información,Sin información,Movimiento Ciudadano,LUZ MARIA PADILLA DE LUNA,female,NO
Aguascalientes,Cosío,Presidencias municipales,Sin información,Sin información,Sin información,Sin información,Sin información,MORENA,DIANA ALVARADO AVILA,female,NO
Aguascalientes,Cosío,Presidencias municipales,Sin información,Sin información,Sin información,Sin información,Fuerza y Corazón por Aguascalientes,Sin información,JULIA ESMERALDA CARDONA NAVA,female,NO
Aguascalientes,Jesús María,Presidencias municipales,Sin información,Sin información,Sin información,Sin información,Sin información,MORENA,MARIA DEL CARMEN GONZALEZ POSADAS,female,NO
Aguascalientes,Pabellón de Arteaga,Presidencias municipales,Sin información,Sin información,Sin información,Sin información,Sin información,Partido del Trabajo,GALISMA ELIZABETH MORENO SERRANO,female,NO
Aguascalientes,Pabellón de Arteaga,Presidencias municipales,Sin información,Sin información,Sin información,Sin información,Sin información,MORENA,EDITH HORNEDO ROMO,female,NO
Aguascalientes,Pabellón de Arteaga,Presidencias municipales,Sin información,Sin información,Sin información,Sin información,Fuerza y Corazón por Aguascalientes,Sin información,LUCERO ESPINOZA VAZQUEZ,female,NO
Aguascalientes,Rincón de Romos,Presidencias municipales,Sin información,Sin información,Sin información,Sin información,Sin información,Partido del Trabajo,NORA NAYELI ROMERO HERNANDEZ,female,NO
Aguascalientes,Rincón de Romos,Presidencias municipales,Sin información,Sin información,Sin información,Sin información,Sin información,PVEM,PATRICIA RANGEL RUIZ,female,NO
Aguascalientes,San José de Gracia,Presidencias municipales,Sin información,Sin información,Sin información,Sin información,Sin información,Partido del Trabajo,YESSICA REBECA GONGORA SANTAMARIA,female,NO
Aguascalientes,San José de Gracia,Presidencias municipales,Sin información,Sin información,Sin información,Sin información,Sin información,PVEM,MARIA GUADALUPE MENDEZ SALAZAR,female,NO
Aguascalientes,San José de Gracia,Presidencias municipales,Sin información,Sin información,Sin información,Sin información,Sin información,MORENA,JUANA IMELDA LLAMAS TAVAREZ,female,NO
Aguascalientes,San José de Gracia,Presidencias municipales,Sin información,Sin información,Sin información,Sin información,Fuerza y Corazón por Aguascalientes,Sin información,LAURA ARACELI GONZALEZ REYES,female,NO
Aguascalientes,Tepezalá,Presidencias municipales,Sin información,Sin información,Sin información,Sin información,Sin información,Partido del Trabajo,ANTONIA CERVANTES MACIAS,female,NO
Aguascalientes,Tepezalá,Presidencias municipales,Sin información,Sin información,Sin información,Sin información,Sin información,PVEM,CRISTINA RODRIGUEZ VILLALOBOS,female,NO
Aguascalientes,Tepezalá,Presidencias municipales,Sin información,Sin información,Sin información,Sin información,Sin información,Movimiento Ciudadano,ROMINA GABRIELA GUTIERREZ RODELO,female,NO
Aguascalientes,Tepezalá,Presidencias municipales,Sin información,Sin información,Sin información,Sin información,Sin información,MORENA,CELIA VILLALOBOS MACIAS,female,NO
Aguascalientes,Tepezalá,Presidencias municipales,Sin información,Sin información,Sin información,Sin información,Fuerza y Corazón por Aguascalientes,Sin información,LETICIA OLIVARES JIMENEZ,female,NO
